﻿<?xml version="1.0" encoding="utf-8" ?>
<Tree>
    <TreeNode Text="气象灾害短信信息">
        <TreeNode NodeID="sms_1" Text="气象灾害短信信息申请" Target="mainframe" NavigateUrl="./html/sms-1.html">
        </TreeNode>
        <TreeNode NodeID="sms_2" Text="气象灾害短信信息申请查看" Target="mainframe" NavigateUrl="./html/sms-2.html" >
        </TreeNode>
        <TreeNode NodeID="sms_3" Text="气象灾害短信信息审核" Target="mainframe" NavigateUrl="./html/sms-3.html" >
        </TreeNode>
    </TreeNode>
    <TreeNode Text="突发事件短信信息">
        <TreeNode NodeID="sms_4" Text="突发事件短信信息申请" Target="mainframe" NavigateUrl="./html/sms-4.html">
        </TreeNode>
        <TreeNode NodeID="sms_5" Text="突发事件短信信息申请查看" Target="mainframe" NavigateUrl="./html/sms-5.html" >
        </TreeNode>
    </TreeNode>
</Tree>
